match_id,SetNo,GameNo,PointNumber,PointServer,PointWinner,prob_p1_win_match,prob_p2_win_match
2019-wimbledon-1701,0.2,0.04,0.0,0,0,0.9312803371837928,0.06871966281620723
2019-wimbledon-1701,0.2,0.04,0.0,0,0,0.8928128006823164,0.10718719931768361
2019-wimbledon-1701,0.2,0.04,0.002369668246445498,2,2,0.8840044138512084,0.11599558614879157
2019-wimbledon-1701,0.2,0.04,0.004739336492890996,2,2,0.846199056336538,0.15380094366346198
2019-wimbledon-1701,0.2,0.04,0.0071090047393364926,2,1,0.9015436633064792,0.09845633669352083
2019-wimbledon-1701,0.2,0.04,0.009478672985781991,2,2,0.8902396304546596,0.10976036954534041
2019-wimbledon-1701,0.2,0.04,0.011848341232227487,2,2,0.9228308273955791,0.07716917260442091
2019-wimbledon-1701,0.2,0.08,0.014218009478672985,1,1,0.5714783304828793,0.4285216695171207
2019-wimbledon-1701,0.2,0.08,0.016587677725118485,1,1,0.6101362457384621,0.38986375426153785
2019-wimbledon-1701,0.2,0.08,0.018957345971563982,1,1,0.5876221964973334,0.4123778035026666
2019-wimbledon-1701,0.2,0.08,0.02132701421800948,1,1,0.6193015080191291,0.3806984919808709
2019-wimbledon-1701,0.2,0.12,0.023696682464454975,2,1,0.7295813121609827,0.27041868783901735
2019-wimbledon-1701,0.2,0.12,0.026066350710900472,2,2,0.7153879330698844,0.28461206693011565
2019-wimbledon-1701,0.2,0.12,0.02843601895734597,2,2,0.7091987480357705,0.29080125196422946
2019-wimbledon-1701,0.2,0.12,0.030805687203791468,2,2,0.6857472424507856,0.31425275754921445
2019-wimbledon-1701,0.2,0.12,0.03317535545023697,2,1,0.7127113541703065,0.2872886458296935
2019-wimbledon-1701,0.2,0.12,0.035545023696682464,2,2,0.7074347751329629,0.29256522486703707
2019-wimbledon-1701,0.2,0.16,0.037914691943127965,1,2,0.5098642649146636,0.49013573508533637
2019-wimbledon-1701,0.2,0.16,0.04028436018957346,1,1,0.550293934744128,0.449706065255872
2019-wimbledon-1701,0.2,0.16,0.04265402843601896,1,1,0.5595427329726008,0.4404572670273992
2019-wimbledon-1701,0.2,0.16,0.045023696682464455,1,1,0.5013549511669612,0.49864504883303884
2019-wimbledon-1701,0.2,0.16,0.04739336492890995,1,2,0.5341542011278012,0.4658457988721988
2019-wimbledon-1701,0.2,0.16,0.04976303317535545,1,2,0.5193603184529343,0.4806396815470657
2019-wimbledon-1701,0.2,0.16,0.052132701421800945,1,1,0.5410400244485758,0.4589599755514242
2019-wimbledon-1701,0.2,0.16,0.054502369668246446,1,2,0.5248067097076264,0.47519329029237356
2019-wimbledon-1701,0.2,0.16,0.05687203791469194,1,1,0.5439111793054856,0.4560888206945144
2019-wimbledon-1701,0.2,0.16,0.05924170616113744,1,2,0.5350525766972207,0.4649474233027793
2019-wimbledon-1701,0.2,0.16,0.061611374407582936,1,2,0.5115765961205925,0.4884234038794075
2019-wimbledon-1701,0.2,0.16,0.06398104265402843,1,1,0.541941572993088,0.458058427006912
2019-wimbledon-1701,0.2,0.16,0.06635071090047394,1,1,0.5488683838954882,0.4511316161045118
2019-wimbledon-1701,0.2,0.16,0.06872037914691943,1,1,0.607296817459402,0.392703182540598
2019-wimbledon-1701,0.2,0.2,0.07109004739336493,2,1,0.6289842236354408,0.3710157763645592
2019-wimbledon-1701,0.2,0.2,0.07345971563981042,2,1,0.6256460636003266,0.3743539363996734
2019-wimbledon-1701,0.2,0.2,0.07582938388625593,2,2,0.6409833450896385,0.3590166549103615
2019-wimbledon-1701,0.2,0.2,0.07819905213270142,2,2,0.6520118203842343,0.34798817961576567
2019-wimbledon-1701,0.2,0.2,0.08056872037914692,2,2,0.6422740948204503,0.3577259051795497
2019-wimbledon-1701,0.2,0.2,0.08293838862559241,2,2,0.5346412665408821,0.46535873345911793
2019-wimbledon-1701,0.2,0.24,0.08530805687203792,1,1,0.5367156989266783,0.46328430107332175
2019-wimbledon-1701,0.2,0.24,0.08767772511848342,1,1,0.4654767885987209,0.5345232114012791
2019-wimbledon-1701,0.2,0.24,0.09004739336492891,1,2,0.5127272413619726,0.48727275863802744
2019-wimbledon-1701,0.2,0.24,0.0924170616113744,1,1,0.46907745610147483,0.5309225438985252
2019-wimbledon-1701,0.2,0.24,0.0947867298578199,1,1,0.6440245464821552,0.35597545351784476
2019-wimbledon-1701,0.2,0.28,0.0971563981042654,2,2,0.6138599993125325,0.38614000068746746
2019-wimbledon-1701,0.2,0.28,0.0995260663507109,2,2,0.625266688275788,0.374733311724212
2019-wimbledon-1701,0.2,0.28,0.1018957345971564,2,2,0.6295916453374246,0.3704083546625754
2019-wimbledon-1701,0.2,0.28,0.10426540284360189,2,2,0.6444771176654295,0.3555228823345705
2019-wimbledon-1701,0.2,0.32,0.1066350710900474,1,1,0.5975274041033231,0.40247259589667694
2019-wimbledon-1701,0.2,0.32,0.10900473933649289,1,1,0.5781400871997037,0.42185991280029633
2019-wimbledon-1701,0.2,0.32,0.11137440758293839,1,2,0.5924720273425605,0.40752797265743945
2019-wimbledon-1701,0.2,0.32,0.11374407582938388,1,1,0.5699052278325257,0.43009477216747427
2019-wimbledon-1701,0.2,0.32,0.11611374407582939,1,1,0.6038000042092004,0.39619999579079956
2019-wimbledon-1701,0.2,0.36,0.11848341232227488,2,2,0.5992544099274529,0.40074559007254706
2019-wimbledon-1701,0.2,0.36,0.12085308056872038,2,2,0.5971847476804788,0.4028152523195212
2019-wimbledon-1701,0.2,0.36,0.12322274881516587,2,2,0.6292686507334668,0.37073134926653317
2019-wimbledon-1701,0.2,0.36,0.12559241706161137,2,1,0.617369436715,0.382630563285
2019-wimbledon-1701,0.2,0.36,0.12796208530805686,2,1,0.6426811108981697,0.3573188891018303
2019-wimbledon-1701,0.2,0.36,0.13033175355450238,2,2,0.6377751492519039,0.36222485074809607
2019-wimbledon-1701,0.2,0.4,0.13270142180094788,1,2,0.5319974632674139,0.46800253673258607
2019-wimbledon-1701,0.2,0.4,0.13507109004739337,1,2,0.5070277503672734,0.49297224963272657
2019-wimbledon-1701,0.2,0.4,0.13744075829383887,1,1,0.5554993601945512,0.44450063980544885
2019-wimbledon-1701,0.2,0.4,0.13981042654028436,1,1,0.5341590249273475,0.46584097507265254
2019-wimbledon-1701,0.2,0.4,0.14218009478672985,1,1,0.5545000613409683,0.4454999386590317
2019-wimbledon-1701,0.2,0.4,0.14454976303317535,1,2,0.5334940238892281,0.46650597611077194
2019-wimbledon-1701,0.2,0.4,0.14691943127962084,1,1,0.6254787979674719,0.37452120203252814
2019-wimbledon-1701,0.2,0.4,0.14928909952606634,1,1,0.6336917429462162,0.3663082570537838
2019-wimbledon-1701,0.2,0.44,0.15165876777251186,2,2,0.6600803371822589,0.3399196628177411
2019-wimbledon-1701,0.2,0.44,0.15402843601895735,2,1,0.6765371824982712,0.3234628175017288
2019-wimbledon-1701,0.2,0.44,0.15639810426540285,2,1,0.7244355140269297,0.27556448597307026
2019-wimbledon-1701,0.2,0.44,0.15876777251184834,2,2,0.6800710344811821,0.3199289655188179
2019-wimbledon-1701,0.2,0.44,0.16113744075829384,2,2,0.6649952711933061,0.33500472880669385
2019-wimbledon-1701,0.2,0.44,0.16350710900473933,2,1,0.734422881991873,0.265577118008127
2019-wimbledon-1701,0.2,0.44,0.16587677725118483,2,2,0.7166666084051526,0.2833333915948474
2019-wimbledon-1701,0.2,0.44,0.16824644549763032,2,2,0.745834317704483,0.25416568229551695
2019-wimbledon-1701,0.2,0.48,0.17061611374407584,1,1,0.6000415594467876,0.3999584405532124
2019-wimbledon-1701,0.2,0.48,0.17298578199052134,1,1,0.5450961033878288,0.45490389661217123
2019-wimbledon-1701,0.2,0.48,0.17535545023696683,1,1,0.5080739433080609,0.4919260566919391
2019-wimbledon-1701,0.2,0.48,0.17772511848341233,1,1,0.675877503018293,0.32412249698170703
2019-wimbledon-1701,0.2,0.52,0.18009478672985782,2,2,0.6967112290969153,0.3032887709030847
2019-wimbledon-1701,0.2,0.52,0.18246445497630331,1,1,0.7782949534990045,0.22170504650099554
2019-wimbledon-1701,0.2,0.52,0.1848341232227488,1,1,0.7996904378283172,0.20030956217168283
2019-wimbledon-1701,0.2,0.52,0.1872037914691943,2,1,0.7985619256450543,0.20143807435494565
2019-wimbledon-1701,0.2,0.52,0.1895734597156398,2,2,0.7704015215144319,0.22959847848556814
2019-wimbledon-1701,0.2,0.52,0.19194312796208532,1,2,0.7871491026630717,0.2128508973369283
2019-wimbledon-1701,0.2,0.52,0.1943127962085308,1,2,0.7024833700895241,0.2975166299104759
2019-wimbledon-1701,0.2,0.52,0.1966824644549763,2,2,0.7828817847718836,0.21711821522811636
2019-wimbledon-1701,0.2,0.52,0.1990521327014218,2,1,0.8173534300575642,0.18264656994243578
2019-wimbledon-1701,0.2,0.52,0.2014218009478673,1,1,0.7811079632710279,0.21889203672897206
2019-wimbledon-1701,0.2,0.52,0.2037914691943128,1,1,0.7242699530717798,0.27573004692822023
2019-wimbledon-1701,0.2,0.52,0.20616113744075829,2,1,0.5254275660837373,0.4745724339162627
2019-wimbledon-1701,0.4,0.04,0.20853080568720378,1,1,0.8718044152242571,0.1281955847757429
2019-wimbledon-1701,0.4,0.04,0.2109004739336493,1,2,0.8596175610013417,0.14038243899865832
2019-wimbledon-1701,0.4,0.04,0.2132701421800948,1,2,0.880814812276608,0.11918518772339204
2019-wimbledon-1701,0.4,0.04,0.2156398104265403,1,2,0.8170957919618133,0.18290420803818674
2019-wimbledon-1701,0.4,0.04,0.21800947867298578,1,2,0.8856333476435558,0.11436665235644417
2019-wimbledon-1701,0.4,0.08,0.22037914691943128,2,2,0.38824061659375503,0.6117593834062449
2019-wimbledon-1701,0.4,0.08,0.22274881516587677,2,1,0.43029310942893845,0.5697068905710616
2019-wimbledon-1701,0.4,0.08,0.22511848341232227,2,2,0.42543134365339413,0.5745686563466059
2019-wimbledon-1701,0.4,0.08,0.22748815165876776,2,1,0.4621604771247767,0.5378395228752233
2019-wimbledon-1701,0.4,0.08,0.22985781990521326,2,2,0.447258478865156,0.552741521134844
2019-wimbledon-1701,0.4,0.08,0.23222748815165878,2,2,0.32506772867414524,0.6749322713258548
2019-wimbledon-1701,0.4,0.12,0.23696682464454977,1,2,0.37937318180932583,0.6206268181906742
2019-wimbledon-1701,0.4,0.12,0.23933649289099526,1,2,0.43755009115681215,0.5624499088431878
2019-wimbledon-1701,0.4,0.12,0.24170616113744076,1,1,0.5247680328353002,0.47523196716469984
2019-wimbledon-1701,0.4,0.12,0.24407582938388625,1,2,0.5391855391517072,0.4608144608482928
2019-wimbledon-1701,0.4,0.12,0.23459715639810427,1,2,0.5132740450805799,0.48672595491942006
2019-wimbledon-1701,0.4,0.16,0.24644549763033174,2,2,0.4041452414649139,0.5958547585350862
2019-wimbledon-1701,0.4,0.16,0.24881516587677724,2,2,0.33687014840448004,0.66312985159552
2019-wimbledon-1701,0.4,0.16,0.25118483412322273,2,2,0.3611498982547202,0.6388501017452798
2019-wimbledon-1701,0.4,0.16,0.25355450236966826,2,1,0.3298686960416968,0.6701313039583032
2019-wimbledon-1701,0.4,0.16,0.2559241706161137,2,1,0.41698412836393955,0.5830158716360605
2019-wimbledon-1701,0.4,0.16,0.25829383886255924,2,2,0.30361316890398254,0.6963868310960175
2019-wimbledon-1701,0.4,0.2,0.26066350710900477,1,2,0.3036546013313429,0.6963453986686571
2019-wimbledon-1701,0.4,0.2,0.26303317535545023,1,1,0.4044329298485923,0.5955670701514078
2019-wimbledon-1701,0.4,0.2,0.26540284360189575,1,1,0.4671202951818979,0.5328797048181021
2019-wimbledon-1701,0.4,0.2,0.2677725118483412,1,1,0.5726783725949671,0.4273216274050329
2019-wimbledon-1701,0.4,0.2,0.27014218009478674,1,2,0.46605441126457364,0.5339455887354263
2019-wimbledon-1701,0.4,0.2,0.2725118483412322,1,1,0.6691193501359554,0.33088064986404464
2019-wimbledon-1701,0.4,0.24,0.27488151658767773,2,2,0.5940909660243477,0.40590903397565226
2019-wimbledon-1701,0.4,0.24,0.2772511848341232,2,1,0.6337308435176034,0.36626915648239655
2019-wimbledon-1701,0.4,0.24,0.2796208530805687,2,1,0.6784885899927111,0.3215114100072889
2019-wimbledon-1701,0.4,0.24,0.28199052132701424,2,2,0.6829804880316698,0.3170195119683302
2019-wimbledon-1701,0.4,0.24,0.2843601895734597,2,2,0.681091258536221,0.318908741463779
2019-wimbledon-1701,0.4,0.24,0.28672985781990523,2,2,0.6451250360246704,0.3548749639753296
2019-wimbledon-1701,0.4,0.28,0.2890995260663507,1,2,0.6195998285699191,0.38040017143008087
2019-wimbledon-1701,0.4,0.28,0.2914691943127962,1,2,0.7087860667230367,0.2912139332769633
2019-wimbledon-1701,0.4,0.28,0.2938388625592417,1,2,0.701288352536741,0.29871164746325896
2019-wimbledon-1701,0.4,0.28,0.2962085308056872,1,2,0.7421455991256732,0.25785440087432676
2019-wimbledon-1701,0.6,0.04,0.2985781990521327,2,2,0.8505264909640756,0.14947350903592438
2019-wimbledon-1701,0.6,0.04,0.3009478672985782,2,1,0.8344344512587832,0.16556554874121676
2019-wimbledon-1701,0.6,0.04,0.3033175355450237,2,2,0.8301309894756618,0.16986901052433823
2019-wimbledon-1701,0.6,0.04,0.3056872037914692,2,2,0.7146359628816162,0.28536403711838376
2019-wimbledon-1701,0.6,0.04,0.3080568720379147,2,2,0.7894018249664869,0.21059817503351308
2019-wimbledon-1701,0.6,0.08,0.3104265402843602,1,1,0.3891216519655867,0.6108783480344133
2019-wimbledon-1701,0.6,0.08,0.3127962085308057,1,2,0.40468415781684114,0.5953158421831588
2019-wimbledon-1701,0.6,0.08,0.31516587677725116,1,1,0.4186834314500115,0.5813165685499885
2019-wimbledon-1701,0.6,0.08,0.3175355450236967,1,1,0.396549029500798,0.6034509704992019
2019-wimbledon-1701,0.6,0.08,0.31990521327014215,1,2,0.3595796096220311,0.6404203903779688
2019-wimbledon-1701,0.6,0.08,0.3222748815165877,1,1,0.4688953526651027,0.5311046473348973
2019-wimbledon-1701,0.6,0.12,0.3246445497630332,2,2,0.523450476687445,0.47654952331255496
2019-wimbledon-1701,0.6,0.12,0.32701421800947866,2,2,0.4991454898325043,0.5008545101674957
2019-wimbledon-1701,0.6,0.12,0.3293838862559242,2,2,0.5348230348484326,0.46517696515156737
2019-wimbledon-1701,0.6,0.12,0.33175355450236965,2,2,0.5883476095545518,0.4116523904454482
2019-wimbledon-1701,0.6,0.16,0.3341232227488152,1,1,0.49304559333380293,0.5069544066661971
2019-wimbledon-1701,0.6,0.16,0.33649289099526064,1,1,0.5167895834637176,0.4832104165362824
2019-wimbledon-1701,0.6,0.16,0.33886255924170616,1,2,0.510936029546095,0.48906397045390504
2019-wimbledon-1701,0.6,0.16,0.3412322274881517,1,1,0.5006359567892322,0.49936404321076777
2019-wimbledon-1701,0.6,0.16,0.34360189573459715,1,1,0.4982220075040363,0.5017779924959638
2019-wimbledon-1701,0.6,0.2,0.3459715639810427,2,2,0.5340366035527904,0.46596339644720963
2019-wimbledon-1701,0.6,0.2,0.34834123222748814,2,1,0.5216790972764501,0.4783209027235499
2019-wimbledon-1701,0.6,0.2,0.35071090047393366,2,2,0.5340564311808494,0.46594356881915056
2019-wimbledon-1701,0.6,0.2,0.35308056872037913,2,2,0.528796956721512,0.47120304327848805
2019-wimbledon-1701,0.6,0.2,0.35545023696682465,2,2,0.492813345290731,0.5071866547092689
2019-wimbledon-1701,0.6,0.24,0.3578199052132701,1,2,0.5472097529256994,0.4527902470743006
2019-wimbledon-1701,0.6,0.24,0.36018957345971564,1,1,0.542321581531151,0.45767841846884905
2019-wimbledon-1701,0.6,0.24,0.36255924170616116,1,1,0.5787039272069675,0.4212960727930325
2019-wimbledon-1701,0.6,0.24,0.36492890995260663,1,1,0.5791661900398464,0.4208338099601536
2019-wimbledon-1701,0.6,0.24,0.36729857819905215,1,1,0.5763520777104262,0.4236479222895738
2019-wimbledon-1701,0.6,0.28,0.3696682464454976,2,2,0.5616241600262329,0.43837583997376706
2019-wimbledon-1701,0.6,0.28,0.37203791469194314,2,2,0.5136542290691296,0.4863457709308704
2019-wimbledon-1701,0.6,0.28,0.3744075829383886,2,2,0.5511661825107258,0.4488338174892742
2019-wimbledon-1701,0.6,0.28,0.3767772511848341,2,2,0.5383956953902874,0.4616043046097126
2019-wimbledon-1701,0.6,0.32,0.3791469194312796,1,1,0.4770906892544262,0.5229093107455738
2019-wimbledon-1701,0.6,0.32,0.3815165876777251,1,1,0.48538789862710746,0.5146121013728926
2019-wimbledon-1701,0.6,0.32,0.38388625592417064,1,1,0.4572590958673709,0.5427409041326291
2019-wimbledon-1701,0.6,0.32,0.3862559241706161,1,2,0.47670368120175555,0.5232963187982445
2019-wimbledon-1701,0.6,0.32,0.3886255924170616,1,1,0.5274959067862767,0.47250409321372333
2019-wimbledon-1701,0.6,0.36,0.3909952606635071,2,1,0.5084243461552975,0.4915756538447025
2019-wimbledon-1701,0.6,0.36,0.3933649289099526,2,2,0.5209063518408606,0.47909364815913935
2019-wimbledon-1701,0.6,0.36,0.3957345971563981,2,1,0.5121051001466871,0.4878948998533129
2019-wimbledon-1701,0.6,0.36,0.3981042654028436,2,2,0.5319747203033433,0.46802527969665675
2019-wimbledon-1701,0.6,0.36,0.4004739336492891,2,2,0.5694497749986698,0.4305502250013302
2019-wimbledon-1701,0.6,0.36,0.4028436018957346,2,2,0.5385241525537279,0.4614758474462721
2019-wimbledon-1701,0.6,0.4,0.4052132701421801,1,2,0.4983180323551396,0.5016819676448604
2019-wimbledon-1701,0.6,0.4,0.4075829383886256,1,1,0.5333685432719696,0.4666314567280304
2019-wimbledon-1701,0.6,0.4,0.4099526066350711,1,2,0.5035236370811039,0.4964763629188961
2019-wimbledon-1701,0.6,0.4,0.41232227488151657,1,1,0.5250752640321951,0.47492473596780493
2019-wimbledon-1701,0.6,0.4,0.4146919431279621,1,2,0.5731941248424501,0.42680587515754986
2019-wimbledon-1701,0.6,0.4,0.41706161137440756,1,1,0.5320175120992725,0.4679824879007275
2019-wimbledon-1701,0.6,0.4,0.4194312796208531,1,1,0.5141482276789886,0.4858517723210114
2019-wimbledon-1701,0.6,0.4,0.4218009478672986,1,1,0.5931004946615848,0.40689950533841523
2019-wimbledon-1701,0.6,0.44,0.42417061611374407,2,2,0.6997295477729921,0.3002704522270079
2019-wimbledon-1701,0.6,0.44,0.4265402843601896,2,2,0.6681758192048841,0.3318241807951159
2019-wimbledon-1701,0.6,0.44,0.42890995260663506,2,2,0.6968743608214518,0.3031256391785482
2019-wimbledon-1701,0.6,0.44,0.4312796208530806,2,2,0.7433134630966904,0.25668653690330956
2019-wimbledon-1701,0.6,0.48,0.43364928909952605,1,2,0.6896947662439007,0.3103052337560993
2019-wimbledon-1701,0.6,0.48,0.43601895734597157,1,1,0.6405331314513014,0.3594668685486986
2019-wimbledon-1701,0.6,0.48,0.43838862559241704,1,1,0.5844597454645246,0.4155402545354754
2019-wimbledon-1701,0.6,0.48,0.44075829383886256,1,1,0.6128277137231938,0.3871722862768062
2019-wimbledon-1701,0.6,0.48,0.4431279620853081,1,1,0.5451880140385164,0.45481198596148364
2019-wimbledon-1701,0.6,0.52,0.44549763033175355,2,1,0.6426904401366221,0.35730955986337787
2019-wimbledon-1701,0.6,0.52,0.44786729857819907,1,1,0.6671767704858377,0.3328232295141623
2019-wimbledon-1701,0.6,0.52,0.45023696682464454,1,1,0.6912403185473346,0.3087596814526654
2019-wimbledon-1701,0.6,0.52,0.45260663507109006,2,2,0.6340151502854995,0.3659848497145005
2019-wimbledon-1701,0.6,0.52,0.4549763033175355,2,1,0.6875833614814912,0.31241663851850876
2019-wimbledon-1701,0.6,0.52,0.45734597156398105,1,1,0.6511302156839401,0.34886978431605986
2019-wimbledon-1701,0.6,0.52,0.4597156398104265,1,2,0.6847803840331192,0.31521961596688075
2019-wimbledon-1701,0.6,0.52,0.46208530805687204,2,2,0.7232610284938784,0.2767389715061216
2019-wimbledon-1701,0.6,0.52,0.46445497630331756,2,2,0.6574418913188039,0.34255810868119607
2019-wimbledon-1701,0.6,0.52,0.466824644549763,1,1,0.533430622155593,0.466569377844407
2019-wimbledon-1701,0.6,0.52,0.46919431279620855,1,1,0.36830668617162693,0.6316933138283731
2019-wimbledon-1701,0.8,0.04,0.471563981042654,1,1,0.8301793811898546,0.16982061881014543
2019-wimbledon-1701,0.8,0.04,0.47393364928909953,1,1,0.863318564299324,0.13668143570067603
2019-wimbledon-1701,0.8,0.04,0.476303317535545,1,2,0.8584557582695865,0.14154424173041347
2019-wimbledon-1701,0.8,0.04,0.4786729857819905,1,1,0.9120547165102252,0.08794528348977482
2019-wimbledon-1701,0.8,0.04,0.48104265402843605,1,1,0.9120432249539233,0.08795677504607669
2019-wimbledon-1701,0.8,0.08,0.4834123222748815,2,1,0.4555499627753763,0.5444500372246237
2019-wimbledon-1701,0.8,0.08,0.48578199052132703,2,2,0.4528439918830659,0.5471560081169341
2019-wimbledon-1701,0.8,0.08,0.4881516587677725,2,1,0.4837780301549845,0.5162219698450154
2019-wimbledon-1701,0.8,0.08,0.490521327014218,2,2,0.4721224418162868,0.5278775581837132
2019-wimbledon-1701,0.8,0.08,0.4928909952606635,2,2,0.3902595612983287,0.6097404387016713
2019-wimbledon-1701,0.8,0.08,0.495260663507109,2,2,0.43222404058061337,0.5677759594193866
2019-wimbledon-1701,0.8,0.12,0.4976303317535545,1,1,0.4457379264279935,0.5542620735720065
2019-wimbledon-1701,0.8,0.12,0.5,1,1,0.43314724762924606,0.5668527523707539
2019-wimbledon-1701,0.8,0.12,0.5023696682464455,1,1,0.4841989043895717,0.5158010956104283
2019-wimbledon-1701,0.8,0.12,0.504739336492891,1,1,0.5263549904533722,0.4736450095466278
2019-wimbledon-1701,0.8,0.16,0.5071090047393365,2,2,0.44823052505560496,0.5517694749443951
2019-wimbledon-1701,0.8,0.16,0.509478672985782,2,2,0.3763621965766053,0.6236378034233947
2019-wimbledon-1701,0.8,0.16,0.5118483412322274,2,1,0.5177333536553218,0.4822666463446782
2019-wimbledon-1701,0.8,0.16,0.514218009478673,2,2,0.42951986083151045,0.5704801391684895
2019-wimbledon-1701,0.8,0.16,0.5165876777251185,2,1,0.5446081103187952,0.4553918896812048
2019-wimbledon-1701,0.8,0.16,0.518957345971564,2,1,0.5100953271304405,0.4899046728695595
2019-wimbledon-1701,0.8,0.16,0.5213270142180095,2,2,0.5560517829909755,0.44394821700902454
2019-wimbledon-1701,0.8,0.16,0.523696682464455,2,2,0.45405043377347337,0.5459495662265266
2019-wimbledon-1701,0.8,0.2,0.5260663507109005,1,2,0.45060398905516036,0.5493960109448397
2019-wimbledon-1701,0.8,0.2,0.5284360189573459,1,1,0.4807461412975607,0.5192538587024393
2019-wimbledon-1701,0.8,0.2,0.5308056872037915,1,2,0.5116090671112724,0.4883909328887276
2019-wimbledon-1701,0.8,0.2,0.533175355450237,1,2,0.46577769554403015,0.5342223044559699
2019-wimbledon-1701,0.8,0.2,0.5355450236966824,1,2,0.48319368756006464,0.5168063124399354
2019-wimbledon-1701,0.8,0.24,0.5379146919431279,2,2,0.5471666695529708,0.4528333304470292
2019-wimbledon-1701,0.8,0.24,0.5402843601895735,2,2,0.5546827740413046,0.4453172259586954
2019-wimbledon-1701,0.8,0.24,0.542654028436019,2,2,0.5696250333196835,0.4303749666803165
2019-wimbledon-1701,0.8,0.24,0.5450236966824644,2,2,0.6315011698439672,0.3684988301560328
2019-wimbledon-1701,0.8,0.28,0.54739336492891,1,1,0.6966912154829085,0.30330878451709153
2019-wimbledon-1701,0.8,0.28,0.5497630331753555,1,2,0.6434387632431025,0.35656123675689755
2019-wimbledon-1701,0.8,0.28,0.5521327014218009,1,1,0.6493416839510935,0.3506583160489065
2019-wimbledon-1701,0.8,0.28,0.5545023696682464,1,2,0.6318486406498625,0.36815135935013754
2019-wimbledon-1701,0.8,0.28,0.556872037914692,1,2,0.5803127051063983,0.4196872948936017
2019-wimbledon-1701,0.8,0.28,0.5592417061611374,1,2,0.7816119377737767,0.2183880622262233
2019-wimbledon-1701,0.8,0.32,0.5616113744075829,2,2,0.6719338945138723,0.3280661054861277
2019-wimbledon-1701,0.8,0.32,0.5639810426540285,2,1,0.5829149351378885,0.4170850648621115
2019-wimbledon-1701,0.8,0.32,0.566350710900474,2,2,0.604232246892555,0.39576775310744505
2019-wimbledon-1701,0.8,0.32,0.5687203791469194,2,1,0.6240743202655856,0.3759256797344144
2019-wimbledon-1701,0.8,0.32,0.5710900473933649,2,1,0.5919958738089984,0.40800412619100157
2019-wimbledon-1701,0.8,0.32,0.5734597156398105,2,2,0.622350036751133,0.377649963248867
2019-wimbledon-1701,0.8,0.32,0.5758293838862559,2,1,0.6517040907980107,0.3482959092019893
2019-wimbledon-1701,0.8,0.32,0.5781990521327014,2,1,0.5302763557050936,0.46972364429490643
2019-wimbledon-1701,0.8,0.36,0.580568720379147,1,1,0.5567916145535402,0.4432083854464598
2019-wimbledon-1701,0.8,0.36,0.5829383886255924,1,1,0.5538873296054683,0.44611267039453173
2019-wimbledon-1701,0.8,0.36,0.5853080568720379,1,1,0.49408979562996846,0.5059102043700315
2019-wimbledon-1701,0.8,0.36,0.5876777251184834,1,2,0.5486503021628674,0.45134969783713264
2019-wimbledon-1701,0.8,0.36,0.590047393364929,1,1,0.4774224972032223,0.5225775027967777
2019-wimbledon-1701,0.8,0.4,0.5924170616113744,2,2,0.6347435449012296,0.36525645509877036
2019-wimbledon-1701,0.8,0.4,0.5947867298578199,2,2,0.7029053296771816,0.29709467032281844
2019-wimbledon-1701,0.8,0.4,0.5971563981042654,2,2,0.7073280438564691,0.2926719561435309
2019-wimbledon-1701,0.8,0.4,0.5995260663507109,2,2,0.7320791339935744,0.2679208660064256
2019-wimbledon-1701,1.0,0.04,0.6018957345971564,1,1,0.8773224822097749,0.12267751779022507
2019-wimbledon-1701,1.0,0.04,0.6042654028436019,1,1,0.8830940763353942,0.11690592366460584
2019-wimbledon-1701,1.0,0.04,0.6066350710900474,1,2,0.8772498354628567,0.12275016453714327
2019-wimbledon-1701,1.0,0.04,0.6090047393364929,1,1,0.877091506148786,0.12290849385121405
2019-wimbledon-1701,1.0,0.04,0.6113744075829384,1,1,0.8437043747236956,0.15629562527630436
2019-wimbledon-1701,1.0,0.08,0.6137440758293838,2,2,0.6384669210233749,0.3615330789766251
2019-wimbledon-1701,1.0,0.08,0.6161137440758294,2,2,0.5731698147535487,0.42683018524645133
2019-wimbledon-1701,1.0,0.08,0.6184834123222749,2,2,0.5365521912935863,0.46344780870641367
2019-wimbledon-1701,1.0,0.08,0.6208530805687204,2,1,0.5442522524717334,0.45574774752826663
2019-wimbledon-1701,1.0,0.08,0.6232227488151659,2,1,0.5765398489670811,0.4234601510329189
2019-wimbledon-1701,1.0,0.08,0.6255924170616114,2,2,0.6601354166497275,0.3398645833502725
2019-wimbledon-1701,1.0,0.12,0.6279620853080569,1,2,0.5513266968222121,0.44867330317778786
2019-wimbledon-1701,1.0,0.12,0.6303317535545023,1,1,0.6979600541054441,0.30203994589455585
2019-wimbledon-1701,1.0,0.12,0.6327014218009479,1,1,0.7586061257527024,0.24139387424729764
2019-wimbledon-1701,1.0,0.12,0.6350710900473934,1,2,0.7537840041657122,0.24621599583428777
2019-wimbledon-1701,1.0,0.12,0.6374407582938388,1,1,0.7153953353402365,0.28460466465976353
2019-wimbledon-1701,1.0,0.12,0.6398104265402843,1,2,0.6733264481797271,0.3266735518202729
2019-wimbledon-1701,1.0,0.12,0.6421800947867299,1,1,0.6913158023003014,0.30868419769969857
2019-wimbledon-1701,1.0,0.12,0.6445497630331753,1,1,0.7083851606944919,0.29161483930550813
2019-wimbledon-1701,1.0,0.16,0.6469194312796208,2,1,0.7065131129728887,0.29348688702711134
2019-wimbledon-1701,1.0,0.16,0.6492890995260664,2,2,0.7394032340413691,0.2605967659586309
2019-wimbledon-1701,1.0,0.16,0.6516587677725119,2,1,0.7182224332849035,0.28177756671509646
2019-wimbledon-1701,1.0,0.16,0.6540284360189573,2,1,0.7076267467011937,0.29237325329880626
2019-wimbledon-1701,1.0,0.16,0.6563981042654028,2,2,0.7721297173345378,0.22787028266546216
2019-wimbledon-1701,1.0,0.16,0.6587677725118484,2,2,0.6852228031075525,0.31477719689244754
2019-wimbledon-1701,1.0,0.16,0.6611374407582938,2,1,0.7862221799481367,0.2137778200518633
2019-wimbledon-1701,1.0,0.16,0.6635071090047393,2,2,0.6683619490680158,0.3316380509319842
2019-wimbledon-1701,1.0,0.16,0.6658767772511849,2,2,0.5992109268038814,0.40078907319611856
2019-wimbledon-1701,1.0,0.16,0.6682464454976303,2,2,0.6062829273552375,0.3937170726447625
2019-wimbledon-1701,1.0,0.2,0.6706161137440758,1,1,0.598913673113009,0.401086326886991
2019-wimbledon-1701,1.0,0.2,0.6729857819905213,1,1,0.6232598052720183,0.3767401947279817
2019-wimbledon-1701,1.0,0.2,0.6753554502369669,1,1,0.6643187273129827,0.3356812726870173
2019-wimbledon-1701,1.0,0.2,0.6777251184834123,1,2,0.6097207731419929,0.3902792268580071
2019-wimbledon-1701,1.0,0.2,0.6800947867298578,1,2,0.5430259960103148,0.45697400398968524
2019-wimbledon-1701,1.0,0.2,0.6824644549763034,1,2,0.5271016188610468,0.4728983811389532
2019-wimbledon-1701,1.0,0.2,0.6848341232227488,1,1,0.5265357704431214,0.4734642295568786
2019-wimbledon-1701,1.0,0.2,0.6872037914691943,1,1,0.6168419818168024,0.3831580181831976
2019-wimbledon-1701,1.0,0.24,0.6895734597156398,2,1,0.7255317029451956,0.27446829705480436
2019-wimbledon-1701,1.0,0.24,0.6919431279620853,2,1,0.7716886617433656,0.2283113382566344
2019-wimbledon-1701,1.0,0.24,0.6943127962085308,2,2,0.7795668690254299,0.22043313097457007
2019-wimbledon-1701,1.0,0.24,0.6966824644549763,2,1,0.6663574453211056,0.33364255467889437
2019-wimbledon-1701,1.0,0.24,0.6990521327014217,2,2,0.7260253735716939,0.27397462642830606
2019-wimbledon-1701,1.0,0.24,0.7014218009478673,2,1,0.9029016533116523,0.09709834668834771
2019-wimbledon-1701,1.0,0.28,0.7037914691943128,1,2,0.8911082986227276,0.10889170137727244
2019-wimbledon-1701,1.0,0.28,0.7061611374407583,1,1,0.8956050573719715,0.10439494262802851
2019-wimbledon-1701,1.0,0.28,0.7085308056872038,1,2,0.8857628932775252,0.11423710672247478
2019-wimbledon-1701,1.0,0.28,0.7109004739336493,1,1,0.8819538656707782,0.11804613432922184
2019-wimbledon-1701,1.0,0.28,0.7132701421800948,1,2,0.8760751455726834,0.1239248544273166
2019-wimbledon-1701,1.0,0.28,0.7156398104265402,1,1,0.8574563909918955,0.14254360900810448
2019-wimbledon-1701,1.0,0.28,0.7180094786729858,1,2,0.866089865873962,0.13391013412603803
2019-wimbledon-1701,1.0,0.28,0.7203791469194313,1,2,0.7390790343840917,0.2609209656159083
2019-wimbledon-1701,1.0,0.32,0.7227488151658767,2,1,0.7967543333722473,0.20324566662775267
2019-wimbledon-1701,1.0,0.32,0.7251184834123223,2,2,0.9126101659104544,0.08738983408954559
2019-wimbledon-1701,1.0,0.32,0.7274881516587678,2,1,0.870990285583965,0.12900971441603504
2019-wimbledon-1701,1.0,0.32,0.7298578199052133,2,2,0.8767366918438243,0.1232633081561757
2019-wimbledon-1701,1.0,0.32,0.7322274881516587,2,2,0.7723495473575366,0.22765045264246342
2019-wimbledon-1701,1.0,0.32,0.7345971563981043,2,2,0.4572437712347743,0.5427562287652257
2019-wimbledon-1701,1.0,0.36,0.7369668246445498,1,2,0.40445212487394283,0.5955478751260572
2019-wimbledon-1701,1.0,0.36,0.7393364928909952,1,1,0.4772204645035624,0.5227795354964375
2019-wimbledon-1701,1.0,0.36,0.7417061611374408,1,1,0.5457706128375415,0.45422938716245853
2019-wimbledon-1701,1.0,0.36,0.7440758293838863,1,1,0.529363694722145,0.47063630527785505
2019-wimbledon-1701,1.0,0.36,0.7464454976303317,1,2,0.53654000208314,0.46345999791686
2019-wimbledon-1701,1.0,0.36,0.7488151658767772,1,1,0.5909666461373623,0.4090333538626377
2019-wimbledon-1701,1.0,0.4,0.7511848341232228,2,1,0.5785909161295336,0.4214090838704664
2019-wimbledon-1701,1.0,0.4,0.7535545023696683,2,2,0.6112815534795811,0.38871844652041887
2019-wimbledon-1701,1.0,0.4,0.7559241706161137,2,2,0.5532278020190345,0.44677219798096546
2019-wimbledon-1701,1.0,0.4,0.7582938388625592,2,1,0.5868333216634963,0.41316667833650367
2019-wimbledon-1701,1.0,0.4,0.7606635071090048,2,2,0.5759583112503331,0.42404168874966686
2019-wimbledon-1701,1.0,0.4,0.7630331753554502,2,2,0.4732888584381018,0.5267111415618981
2019-wimbledon-1701,1.0,0.44,0.7654028436018957,1,1,0.5518562611348025,0.44814373886519754
2019-wimbledon-1701,1.0,0.44,0.7677725118483413,1,2,0.5218977057022837,0.47810229429771633
2019-wimbledon-1701,1.0,0.44,0.7701421800947867,1,2,0.47604509195087874,0.5239549080491213
2019-wimbledon-1701,1.0,0.44,0.7725118483412322,1,1,0.5727397503956607,0.4272602496043393
2019-wimbledon-1701,1.0,0.44,0.7748815165876777,1,1,0.6090211815584117,0.3909788184415883
2019-wimbledon-1701,1.0,0.44,0.7772511848341233,1,1,0.6148879467579238,0.3851120532420762
2019-wimbledon-1701,1.0,0.48,0.7796208530805687,2,2,0.555225414630131,0.444774585369869
2019-wimbledon-1701,1.0,0.48,0.7819905213270142,2,1,0.6924614073183286,0.3075385926816714
2019-wimbledon-1701,1.0,0.48,0.7843601895734598,2,1,0.6904942947210185,0.30950570527898147
2019-wimbledon-1701,1.0,0.48,0.7867298578199052,2,2,0.6579654492327941,0.3420345507672059
2019-wimbledon-1701,1.0,0.48,0.7890995260663507,2,2,0.6032212112594466,0.3967787887405534
2019-wimbledon-1701,1.0,0.48,0.7914691943127962,2,1,0.620300160218713,0.37969983978128696
2019-wimbledon-1701,1.0,0.48,0.7938388625592417,2,2,0.588416010460265,0.41158398953973496
2019-wimbledon-1701,1.0,0.48,0.7962085308056872,2,1,0.6377218370075625,0.36227816299243754
2019-wimbledon-1701,1.0,0.48,0.7985781990521327,2,2,0.5522326293885896,0.44776737061141036
2019-wimbledon-1701,1.0,0.48,0.8009478672985783,2,2,0.7398745964057796,0.26012540359422043
2019-wimbledon-1701,1.0,0.52,0.8033175355450237,1,1,0.6877787670243096,0.3122212329756904
2019-wimbledon-1701,1.0,0.52,0.8056872037914692,1,2,0.6835531116900072,0.3164468883099928
2019-wimbledon-1701,1.0,0.52,0.8080568720379147,1,1,0.686846267338843,0.313153732661157
2019-wimbledon-1701,1.0,0.52,0.8104265402843602,1,1,0.672086533017598,0.327913466982402
2019-wimbledon-1701,1.0,0.52,0.8127962085308057,1,1,0.561729089924424,0.43827091007557595
2019-wimbledon-1701,1.0,0.56,0.8151658767772512,2,2,0.514064925724065,0.48593507427593496
2019-wimbledon-1701,1.0,0.56,0.8175355450236966,2,2,0.5141071349278815,0.4858928650721185
2019-wimbledon-1701,1.0,0.56,0.8199052132701422,2,2,0.5127713889008239,0.48722861109917615
2019-wimbledon-1701,1.0,0.56,0.8222748815165877,2,1,0.45022201239190346,0.5497779876080966
2019-wimbledon-1701,1.0,0.56,0.8246445497630331,2,2,0.7086089620123959,0.29139103798760413
2019-wimbledon-1701,1.0,0.6,0.8270142180094787,1,1,0.7199266686987243,0.28007333130127565
2019-wimbledon-1701,1.0,0.6,0.8293838862559242,1,1,0.6765524137941289,0.3234475862058711
2019-wimbledon-1701,1.0,0.6,0.8317535545023697,1,2,0.714685692815734,0.285314307184266
2019-wimbledon-1701,1.0,0.6,0.8341232227488151,1,2,0.7295533692509971,0.2704466307490029
2019-wimbledon-1701,1.0,0.6,0.8364928909952607,1,2,0.7883375872675248,0.2116624127324752
2019-wimbledon-1701,1.0,0.6,0.8388625592417062,1,2,0.7139355504512161,0.28606444954878385
2019-wimbledon-1701,1.0,0.64,0.8412322274881516,2,1,0.6974832271607392,0.3025167728392608
2019-wimbledon-1701,1.0,0.64,0.8436018957345972,2,2,0.6534184348596015,0.3465815651403985
2019-wimbledon-1701,1.0,0.64,0.8459715639810427,2,2,0.6031384520080599,0.39686154799194007
2019-wimbledon-1701,1.0,0.64,0.8483412322274881,2,2,0.7068716137382722,0.29312838626172777
2019-wimbledon-1701,1.0,0.64,0.8507109004739336,2,1,0.6634884855356454,0.33651151446435457
2019-wimbledon-1701,1.0,0.64,0.8530805687203792,2,1,0.6338457624468651,0.3661542375531349
2019-wimbledon-1701,1.0,0.64,0.8554502369668247,2,1,0.6738131093610649,0.32618689063893513
2019-wimbledon-1701,1.0,0.64,0.8578199052132701,2,1,0.6864006003586052,0.3135993996413948
2019-wimbledon-1701,1.0,0.68,0.8601895734597157,1,1,0.7059931705755405,0.29400682942445955
2019-wimbledon-1701,1.0,0.68,0.8625592417061612,1,1,0.716968224727848,0.28303177527215195
2019-wimbledon-1701,1.0,0.68,0.8649289099526066,1,1,0.6571348227905232,0.34286517720947685
2019-wimbledon-1701,1.0,0.68,0.8672985781990521,1,2,0.6813410334964818,0.3186589665035182
2019-wimbledon-1701,1.0,0.68,0.8696682464454977,1,2,0.6479215267186429,0.3520784732813571
2019-wimbledon-1701,1.0,0.68,0.8720379146919431,1,1,0.5362071243658583,0.46379287563414173
2019-wimbledon-1701,1.0,0.72,0.8744075829383886,2,1,0.5290319411587501,0.4709680588412499
2019-wimbledon-1701,1.0,0.72,0.8767772511848341,2,2,0.5663890853649176,0.4336109146350824
2019-wimbledon-1701,1.0,0.72,0.8791469194312796,2,2,0.554136081432397,0.445863918567603
2019-wimbledon-1701,1.0,0.72,0.8815165876777251,2,2,0.5006339577446601,0.49936604225533987
2019-wimbledon-1701,1.0,0.72,0.8838862559241706,2,2,0.664531603715936,0.335468396284064
2019-wimbledon-1701,1.0,0.76,0.8862559241706162,1,2,0.6464233865258209,0.3535766134741791
2019-wimbledon-1701,1.0,0.76,0.8886255924170616,1,1,0.6399029915847093,0.3600970084152907
2019-wimbledon-1701,1.0,0.76,0.8909952606635071,1,1,0.6512235382853947,0.3487764617146053
2019-wimbledon-1701,1.0,0.76,0.8933649289099526,1,1,0.7109917021780404,0.2890082978219596
2019-wimbledon-1701,1.0,0.76,0.8957345971563981,1,1,0.5158515728323999,0.4841484271676001
2019-wimbledon-1701,1.0,0.8,0.8981042654028436,2,2,0.5053981133198466,0.49460188668015337
2019-wimbledon-1701,1.0,0.8,0.9004739336492891,2,1,0.5557678734280317,0.4442321265719683
2019-wimbledon-1701,1.0,0.8,0.9028436018957346,2,2,0.4934565119669878,0.5065434880330122
2019-wimbledon-1701,1.0,0.8,0.9052132701421801,2,2,0.40053082849987764,0.5994691715001224
2019-wimbledon-1701,1.0,0.8,0.9075829383886256,2,2,0.5820278287727275,0.4179721712272725
2019-wimbledon-1701,1.0,0.84,0.909952606635071,1,1,0.5878251471489345,0.4121748528510655
2019-wimbledon-1701,1.0,0.84,0.9123222748815166,1,2,0.60418375250215,0.39581624749785005
2019-wimbledon-1701,1.0,0.84,0.9146919431279621,1,1,0.5981114522844574,0.4018885477155426
2019-wimbledon-1701,1.0,0.84,0.9170616113744076,1,2,0.612554166053231,0.387445833946769
2019-wimbledon-1701,1.0,0.84,0.919431279620853,1,1,0.6398057294904814,0.3601942705095186
2019-wimbledon-1701,1.0,0.84,0.9218009478672986,1,1,0.5637756683334576,0.4362243316665424
2019-wimbledon-1701,1.0,0.88,0.9241706161137441,2,1,0.5898812876314903,0.4101187123685097
2019-wimbledon-1701,1.0,0.88,0.9265402843601895,2,2,0.5817897289241319,0.41821027107586806
2019-wimbledon-1701,1.0,0.88,0.9289099526066351,2,2,0.549259882554325,0.450740117445675
2019-wimbledon-1701,1.0,0.88,0.9312796208530806,2,2,0.41377710929520556,0.5862228907047944
2019-wimbledon-1701,1.0,0.88,0.933649289099526,2,2,0.5516495588660266,0.4483504411339734
2019-wimbledon-1701,1.0,0.92,0.9360189573459715,1,1,0.6601926277901302,0.3398073722098698
2019-wimbledon-1701,1.0,0.92,0.9383886255924171,1,1,0.6963886034110139,0.30361139658898606
2019-wimbledon-1701,1.0,0.92,0.9407582938388626,1,1,0.6934390924940795,0.30656090750592047
2019-wimbledon-1701,1.0,0.92,0.943127962085308,1,2,0.7491211005941556,0.2508788994058444
2019-wimbledon-1701,1.0,0.92,0.9454976303317536,1,2,0.6643354401160195,0.3356645598839805
2019-wimbledon-1701,1.0,0.92,0.9478672985781991,1,2,0.6094944468883372,0.3905055531116628
2019-wimbledon-1701,1.0,0.92,0.9502369668246445,1,2,0.5516306933773215,0.4483693066226785
2019-wimbledon-1701,1.0,0.92,0.95260663507109,1,1,0.6653017563264829,0.3346982436735171
2019-wimbledon-1701,1.0,0.92,0.9549763033175356,1,1,0.8425527249491661,0.1574472750508339
2019-wimbledon-1701,1.0,0.92,0.957345971563981,1,2,0.6345470402443346,0.3654529597556654
2019-wimbledon-1701,1.0,0.92,0.9597156398104265,1,2,0.5055756199378525,0.4944243800621475
2019-wimbledon-1701,1.0,0.92,0.9620853080568721,1,1,0.6432461119556764,0.3567538880443236
2019-wimbledon-1701,1.0,0.92,0.9644549763033176,1,1,0.7599776814428731,0.24002231855712686
2019-wimbledon-1701,1.0,0.92,0.966824644549763,1,1,0.7147981203795001,0.2852018796204999
2019-wimbledon-1701,1.0,0.96,0.9691943127962085,2,2,0.7617155127595955,0.23828448724040452
2019-wimbledon-1701,1.0,0.96,0.9715639810426541,2,2,0.7567041900776785,0.24329580992232147
2019-wimbledon-1701,1.0,0.96,0.9739336492890995,2,2,0.7444688386221379,0.25553116137786214
2019-wimbledon-1701,1.0,0.96,0.976303317535545,2,2,0.45320199711140124,0.5467980028885988
2019-wimbledon-1701,1.0,1.0,0.9786729857819905,1,1,0.717636153436525,0.282363846563475
2019-wimbledon-1701,1.0,1.0,0.981042654028436,2,2,0.4845171484827154,0.5154828515172847
2019-wimbledon-1701,1.0,1.0,0.9834123222748815,2,1,0.7665965627687809,0.23340343723121915
2019-wimbledon-1701,1.0,1.0,0.985781990521327,1,1,0.7910173738993611,0.2089826261006389
2019-wimbledon-1701,1.0,1.0,0.9881516587677726,1,1,0.8567002664310817,0.14329973356891834
2019-wimbledon-1701,1.0,1.0,0.990521327014218,2,2,0.7958475919742832,0.20415240802571677
2019-wimbledon-1701,1.0,1.0,0.9928909952606635,2,2,0.7803089567052903,0.21969104329470968
2019-wimbledon-1701,1.0,1.0,0.995260663507109,1,1,0.803560853709675,0.196439146290325
2019-wimbledon-1701,1.0,1.0,0.9976303317535545,1,1,0.7698148493988412,0.23018515060115885
2019-wimbledon-1701,1.0,1.0,1.0,2,1,0.9975632806637599,0.002436719336240123
